case_type,id,img_name,fault_name,mean_suspicious_pct,early_conf_mean_pct,early_iou_mean_pct,lastly_conf_mean_pct,lastly_iou_mean_pct,conf_mean_pct,iou_mean_pct,D_conf_pct,D_iou_pct,conf_pct,stab_pct,cls_pct,epoch_cross_pct
correct_box,4939,2011_001582.jpg,correct,33.48197883753398,30.20060254243515,29.157175398633257,59.30634139172606,54.0524652803292,44.11786317877875,36.44646924829157,4.655007715482402,9.919905944595488,,,,
explicit_box_error,2798,2009_003654.jpg,class_fault,79.91816077595709,82.99287236387684,82.99287236387684,87.2768021162466,87.2768021162466,75.90565067234918,75.5602909839077,73.64611654052466,73.69387905062827,,,,
explicit_box_error,8726,2011_000731.jpg,loc_fault,69.4099492982585,65.80939084429421,65.32441766478067,74.54625615401572,74.27437725034903,74.84017929311484,74.45073113380852,60.673083988537,65.36115805716804,,,,
explicit_box_error,10521,2008_007129.jpg,redundancy_fault,59.86020280696599,60.27628775075318,61.518113013446985,36.61547505327356,69.58630318171798,57.888162245572786,66.11801014034829,67.87420089646558,59.005070174149466,,,,
correct_image,2010_004561.jpg,2010_004561.jpg,no_miss,75.79368549938779,,,,,,,,,70.77138359279343,70.52649991254154,84.98338289312576,76.89347559909044
implicit_missing_error,2008_006448.jpg,2008_006448.jpg,missing_fault,92.75843974112297,,,,,,,,,98.40825607836278,94.7699842574777,84.98338289312576,92.87213573552563
