case_type,dataset_name,id,img_name,fault_name,mean_suspicious_pct,early_conf_mean_pct,early_iou_mean_pct,lastly_conf_mean_pct,lastly_iou_mean_pct,conf_mean_pct,iou_mean_pct,D_conf_pct,D_iou_pct,conf_pct,stab_pct,cls_pct,epoch_cross_pct
correct_box,KITTI_8,11793,004938.png,correct,33.71076727219312,34.68638299955932,42.11428291631984,36.47358370464672,40.00391715223033,42.550066101943884,47.265338099201884,9.856534299564217,16.736032904078733,,,,
explicit_box_error,KITTI_8,13808,001693.png,class_fault,78.10128286735542,83.21500269304217,83.21500269304217,85.141751946335,85.141751946335,72.38897321647163,72.33511237330461,71.68388581501249,71.6887822553004,,,,
explicit_box_error,KITTI_8,8493,006198.png,loc_fault,67.19752240121431,65.48988885080547,65.47519952994173,70.175782206336,70.21005728835136,69.43641972286147,69.7204132595603,62.67198746511286,64.40043088674534,,,,
explicit_box_error,KITTI_8,10796,004609.png,redundancy_fault,74.65296479459434,83.21500269304217,83.21500269304217,70.07295696028987,70.0925427214415,72.80517064094404,72.73662047691329,72.54321108554082,72.54321108554082,,,,
correct_image,KITTI_8,005713.png,005713.png,no_miss,41.727941176470594,,,,,,,,,33.23529411764706,32.16577540106952,65.80213903743316,35.708556149732615
implicit_missing_error,KITTI_8,002798.png,002798.png,missing_fault,83.15508021390374,,,,,,,,,99.19786096256684,96.17647058823529,65.80213903743316,71.44385026737969
